Dataset,FeatureClass,Field,Type,Length,Domain,Alias
BaseData,FC_Buildings,OBJECTID,OID,4,,OBJECTID
BaseData,FC_Buildings,Shape,Geometry,0,,Shape
BaseData,FC_Buildings,BUILD_ID,Integer,4,,BUILD_ID
BaseData,FC_Buildings,OCC_CLS,String,20,,OCC_CLS
BaseData,FC_Buildings,PRIM_OCC,String,35,,PRIM_OCC
BaseData,FC_Buildings,SEC_OCC,String,13,,SEC_OCC
BaseData,FC_Buildings,PROP_ADDR,String,80,,PROP_ADDR
BaseData,FC_Buildings,PROP_CITY,String,50,,PROP_CITY
BaseData,FC_Buildings,PROP_ST,String,50,,PROP_ST
BaseData,FC_Buildings,PROP_ZIP,String,50,,PROP_ZIP
BaseData,FC_Buildings,OUTBLDG,String,13,,OUTBLDG
BaseData,FC_Buildings,HEIGHT,Single,4,,HEIGHT
BaseData,FC_Buildings,SQMETERS,Single,4,,SQMETERS
BaseData,FC_Buildings,SQFEET,Single,4,,SQFEET
BaseData,FC_Buildings,H_ADJ_ELEV,Single,4,,H_ADJ_ELEV
BaseData,FC_Buildings,L_ADJ_ELEV,Single,4,,L_ADJ_ELEV
BaseData,FC_Buildings,FIPS,String,13,,FIPS
BaseData,FC_Buildings,CENSUSCODE,String,20,,CENSUSCODE
BaseData,FC_Buildings,PROD_DATE,Date,8,,PROD_DATE
BaseData,FC_Buildings,SOURCE,String,50,,SOURCE
BaseData,FC_Buildings,USNG,String,50,,USNG
BaseData,FC_Buildings,LONGITUDE,Double,8,,LONGITUDE
BaseData,FC_Buildings,LATITUDE,Double,8,,LATITUDE
BaseData,FC_Buildings,IMAGE_NAME,String,50,,IMAGE_NAME
BaseData,FC_Buildings,IMAGE_DATE,Date,8,,IMAGE_DATE
BaseData,FC_Buildings,VAL_METHOD,String,50,,VAL_METHOD
BaseData,FC_Buildings,REMARKS,String,500,,REMARKS
BaseData,FC_Buildings,UUID,String,50,,UUID
BaseData,FC_Buildings,STATE_FIPS,String,255,,STATE_FIPS
BaseData,FC_Buildings,B_CODE,String,255,,B_CODE
BaseData,FC_Buildings,POP_MEDIAN,Integer,4,,POP_MEDIAN
BaseData,FC_Buildings,PROP_CNTY,String,255,,PROP_CNTY
BaseData,FC_Buildings,GlobalID,String,38,,GlobalID
BaseData,FC_Buildings,POP_CI95_LOWER,Integer,4,,POP_CI95_LOWER
BaseData,FC_Buildings,POP_CI95_UPPER,Integer,4,,POP_CI95_UPPER
BaseData,FC_Buildings,BLDG_ID,Integer,4,,Building ID
BaseData,FC_Buildings,BLDG_TYPE,String,50,,Building Type
BaseData,FC_Buildings,AREA_SQFT,Double,8,,Building Area (sq ft)
BaseData,FC_Buildings,EXPOSED_10YR,String,20,ExposureStatus,Exposed 10-Year Flood
BaseData,FC_Buildings,EXPOSED_50YR,String,20,ExposureStatus,Exposed 50-Year Flood
BaseData,FC_Buildings,EXPOSED_100YR,String,20,ExposureStatus,Exposed 100-Year Flood
BaseData,FC_Buildings,EXPOSED_500YR,String,20,ExposureStatus,Exposed 500-Year Flood
BaseData,FC_Buildings,DEPTH_100YR,Double,8,,Flood Depth 100-Year (ft)
BaseData,FC_Buildings,DEPTH_CLASS,String,20,FloodDepthClass,Depth Classification
BaseData,FC_Buildings,HAZARD_CLASS,String,20,FloodHazardClass,Hazard Classification
BaseData,FC_Buildings,RISK_INDEX,Double,8,,Flood Risk Index Score
Hydrology,FC_Streams,OBJECTID,OID,4,,OBJECTID
Hydrology,FC_Streams,Shape,Geometry,0,,Shape
Hydrology,FC_Streams,permanent_,String,40,,permanent_
Hydrology,FC_Streams,fdate,Date,8,,fdate
Hydrology,FC_Streams,resolution,Integer,4,,resolution
Hydrology,FC_Streams,gnis_id,String,10,,gnis_id
Hydrology,FC_Streams,gnis_name,String,65,,gnis_name
Hydrology,FC_Streams,lengthkm,Double,8,,lengthkm
Hydrology,FC_Streams,reachcode,String,14,,reachcode
Hydrology,FC_Streams,flowdir,Integer,4,,flowdir
Hydrology,FC_Streams,wbarea_per,String,40,,wbarea_per
Hydrology,FC_Streams,ftype,Integer,4,,ftype
Hydrology,FC_Streams,fcode,Integer,4,,fcode
Hydrology,FC_Streams,mainpath,Integer,4,,mainpath
Hydrology,FC_Streams,innetwork,Integer,4,,innetwork
Hydrology,FC_Streams,visibility,Integer,4,,visibility
Hydrology,FC_Streams,SHAPE_Leng,Double,8,,SHAPE_Leng
Hydrology,FC_Streams,Enabled,Integer,4,,Enabled
Hydrology,FC_Streams,d_resoluti,String,254,,d_resoluti
Hydrology,FC_Streams,d_flowdir,String,254,,d_flowdir
Hydrology,FC_Streams,d_ftype,String,254,,d_ftype
Hydrology,FC_Streams,d_fcode,String,254,,d_fcode
Hydrology,FC_Streams,d_mainpath,String,254,,d_mainpath
Hydrology,FC_Streams,d_innetwor,String,254,,d_innetwor
Hydrology,FC_Streams,d_visibili,String,254,,d_visibili
Hydrology,FC_Streams,d_Enabled,String,254,,d_Enabled
Hydrology,FC_Streams,Shape_Length,Double,8,,Shape_Length
Hydrology,FC_Waterbodies,OBJECTID,OID,4,,OBJECTID
Hydrology,FC_Waterbodies,Shape,Geometry,0,,Shape
Hydrology,FC_Waterbodies,permanent_,String,40,,permanent_
Hydrology,FC_Waterbodies,fdate,Date,8,,fdate
Hydrology,FC_Waterbodies,resolution,Integer,4,,resolution
Hydrology,FC_Waterbodies,gnis_id,String,10,,gnis_id
Hydrology,FC_Waterbodies,gnis_name,String,65,,gnis_name
Hydrology,FC_Waterbodies,areasqkm,Double,8,,areasqkm
Hydrology,FC_Waterbodies,elevation,Double,8,,elevation
Hydrology,FC_Waterbodies,reachcode,String,14,,reachcode
Hydrology,FC_Waterbodies,ftype,Integer,4,,ftype
Hydrology,FC_Waterbodies,fcode,Integer,4,,fcode
Hydrology,FC_Waterbodies,visibility,Integer,4,,visibility
Hydrology,FC_Waterbodies,SHAPE_Leng,Double,8,,SHAPE_Leng
Hydrology,FC_Waterbodies,Shape_Length,Double,8,,Shape_Length
Hydrology,FC_Waterbodies,Shape_Area,Double,8,,Shape_Area
Infrastructure,FC_Roads,OBJECTID,OID,4,,OBJECTID
Infrastructure,FC_Roads,Shape,Geometry,0,,Shape
Infrastructure,FC_Roads,LINEARID,String,22,,LINEARID
Infrastructure,FC_Roads,FULLNAME,String,100,,FULLNAME
Infrastructure,FC_Roads,RTTYP,String,1,,RTTYP
Infrastructure,FC_Roads,MTFCC,String,5,,MTFCC
Infrastructure,FC_Roads,Shape_Length,Double,8,,Shape_Length
Infrastructure,FC_Roads,ROAD_CLASS,String,20,RoadClass,Road Classification
Infrastructure,FC_Roads,LENGTH_FT,Double,8,,Length (feet)
Infrastructure,FC_Roads,LENGTH_MI,Double,8,,Length (miles)
Infrastructure,FC_Roads,EXPOSED_100YR,String,20,ExposureStatus,Exposed 100-Year Flood
Infrastructure,FC_Roads,FLOOD_DEPTH,Double,8,,Max Flood Depth (ft)
Infrastructure,FC_Hospitals,OBJECTID,OID,4,,OBJECTID
Infrastructure,FC_Hospitals,Shape,Geometry,0,,Shape
Infrastructure,FC_Hospitals,PERMANENT_,String,40,,PERMANENT_
Infrastructure,FC_Hospitals,SOURCE_FEA,String,40,,SOURCE_FEA
Infrastructure,FC_Hospitals,SOURCE_DAT,String,40,,SOURCE_DAT
Infrastructure,FC_Hospitals,SOURCE_D_1,String,100,,SOURCE_D_1
Infrastructure,FC_Hospitals,SOURCE_ORI,String,130,,SOURCE_ORI
Infrastructure,FC_Hospitals,DATA_SECUR,Integer,4,,DATA_SECUR
Infrastructure,FC_Hospitals,DISTRIBUTI,String,4,,DISTRIBUTI
Infrastructure,FC_Hospitals,LOADDATE,Date,8,,LOADDATE
Infrastructure,FC_Hospitals,FTYPE,Integer,4,,FTYPE
Infrastructure,FC_Hospitals,FCODE,Integer,4,,FCODE
Infrastructure,FC_Hospitals,NAME,String,100,,NAME
Infrastructure,FC_Hospitals,ISLANDMARK,Integer,4,,ISLANDMARK
Infrastructure,FC_Hospitals,POINTLOCAT,Integer,4,,POINTLOCAT
Infrastructure,FC_Hospitals,ADMINTYPE,Integer,4,,ADMINTYPE
Infrastructure,FC_Hospitals,ADDRESSBUI,String,60,,ADDRESSBUI
Infrastructure,FC_Hospitals,ADDRESS,String,75,,ADDRESS
Infrastructure,FC_Hospitals,CITY,String,40,,CITY
Infrastructure,FC_Hospitals,STATE,String,2,,STATE
Infrastructure,FC_Hospitals,ZIPCODE,String,10,,ZIPCODE
Infrastructure,FC_Hospitals,GNIS_ID,String,10,,GNIS_ID
Infrastructure,FC_Hospitals,FOOT_ID,String,40,,FOOT_ID
Infrastructure,FC_Hospitals,COMPLEX_ID,String,40,,COMPLEX_ID
Infrastructure,FC_Hospitals,GLOBALID,String,38,,GLOBALID
Infrastructure,FC_Hospitals,FAC_TYPE,String,20,FacilityType,Facility Type
Infrastructure,FC_Hospitals,FAC_NAME,String,100,,Facility Name
Infrastructure,FC_Hospitals,EXPOSED_100YR,String,20,ExposureStatus,Exposed 100-Year Flood
Infrastructure,FC_Hospitals,DEPTH_100YR,Double,8,,Flood Depth 100-Year (ft)
Infrastructure,FC_Hospitals,HAZARD_CLASS,String,20,FloodHazardClass,Hazard Classification
Infrastructure,FC_Hospitals,PRIORITY,String,20,MitigationPriority,Mitigation Priority
Infrastructure,FC_FireStations,OBJECTID,OID,4,,OBJECTID
Infrastructure,FC_FireStations,Shape,Geometry,0,,Shape
Infrastructure,FC_FireStations,PERMANENT_,String,40,,PERMANENT_
Infrastructure,FC_FireStations,SOURCE_FEA,String,40,,SOURCE_FEA
Infrastructure,FC_FireStations,SOURCE_DAT,String,40,,SOURCE_DAT
Infrastructure,FC_FireStations,SOURCE_D_1,String,100,,SOURCE_D_1
Infrastructure,FC_FireStations,SOURCE_ORI,String,130,,SOURCE_ORI
Infrastructure,FC_FireStations,DATA_SECUR,Integer,4,,DATA_SECUR
Infrastructure,FC_FireStations,DISTRIBUTI,String,4,,DISTRIBUTI
Infrastructure,FC_FireStations,LOADDATE,Date,8,,LOADDATE
Infrastructure,FC_FireStations,FTYPE,Integer,4,,FTYPE
Infrastructure,FC_FireStations,FCODE,Integer,4,,FCODE
Infrastructure,FC_FireStations,NAME,String,100,,NAME
Infrastructure,FC_FireStations,ISLANDMARK,Integer,4,,ISLANDMARK
Infrastructure,FC_FireStations,POINTLOCAT,Integer,4,,POINTLOCAT
Infrastructure,FC_FireStations,ADMINTYPE,Integer,4,,ADMINTYPE
Infrastructure,FC_FireStations,ADDRESSBUI,String,60,,ADDRESSBUI
Infrastructure,FC_FireStations,ADDRESS,String,75,,ADDRESS
Infrastructure,FC_FireStations,CITY,String,40,,CITY
Infrastructure,FC_FireStations,STATE,String,2,,STATE
Infrastructure,FC_FireStations,ZIPCODE,String,10,,ZIPCODE
Infrastructure,FC_FireStations,GNIS_ID,String,10,,GNIS_ID
Infrastructure,FC_FireStations,FOOT_ID,String,40,,FOOT_ID
Infrastructure,FC_FireStations,COMPLEX_ID,String,40,,COMPLEX_ID
Infrastructure,FC_FireStations,GLOBALID,String,38,,GLOBALID
Infrastructure,FC_FireStations,FAC_TYPE,String,20,FacilityType,Facility Type
Infrastructure,FC_FireStations,FAC_NAME,String,100,,Facility Name
Infrastructure,FC_FireStations,EXPOSED_100YR,String,20,ExposureStatus,Exposed 100-Year Flood
Infrastructure,FC_FireStations,DEPTH_100YR,Double,8,,Flood Depth 100-Year (ft)
Infrastructure,FC_FireStations,HAZARD_CLASS,String,20,FloodHazardClass,Hazard Classification
Infrastructure,FC_FireStations,PRIORITY,String,20,MitigationPriority,Mitigation Priority
Infrastructure,FC_PoliceStations,OBJECTID,OID,4,,OBJECTID
Infrastructure,FC_PoliceStations,Shape,Geometry,0,,Shape
Infrastructure,FC_PoliceStations,PERMANENT_,String,40,,PERMANENT_
Infrastructure,FC_PoliceStations,SOURCE_FEA,String,40,,SOURCE_FEA
Infrastructure,FC_PoliceStations,SOURCE_DAT,String,40,,SOURCE_DAT
Infrastructure,FC_PoliceStations,SOURCE_D_1,String,100,,SOURCE_D_1
Infrastructure,FC_PoliceStations,SOURCE_ORI,String,130,,SOURCE_ORI
Infrastructure,FC_PoliceStations,DATA_SECUR,Integer,4,,DATA_SECUR
Infrastructure,FC_PoliceStations,DISTRIBUTI,String,4,,DISTRIBUTI
Infrastructure,FC_PoliceStations,LOADDATE,Date,8,,LOADDATE
Infrastructure,FC_PoliceStations,FTYPE,Integer,4,,FTYPE
Infrastructure,FC_PoliceStations,FCODE,Integer,4,,FCODE
Infrastructure,FC_PoliceStations,NAME,String,100,,NAME
Infrastructure,FC_PoliceStations,ISLANDMARK,Integer,4,,ISLANDMARK
Infrastructure,FC_PoliceStations,POINTLOCAT,Integer,4,,POINTLOCAT
Infrastructure,FC_PoliceStations,ADMINTYPE,Integer,4,,ADMINTYPE
Infrastructure,FC_PoliceStations,ADDRESSBUI,String,60,,ADDRESSBUI
Infrastructure,FC_PoliceStations,ADDRESS,String,75,,ADDRESS
Infrastructure,FC_PoliceStations,CITY,String,40,,CITY
Infrastructure,FC_PoliceStations,STATE,String,2,,STATE
Infrastructure,FC_PoliceStations,ZIPCODE,String,10,,ZIPCODE
Infrastructure,FC_PoliceStations,GNIS_ID,String,10,,GNIS_ID
Infrastructure,FC_PoliceStations,FOOT_ID,String,40,,FOOT_ID
Infrastructure,FC_PoliceStations,COMPLEX_ID,String,40,,COMPLEX_ID
Infrastructure,FC_PoliceStations,GLOBALID,String,38,,GLOBALID
Infrastructure,FC_PoliceStations,FAC_TYPE,String,20,FacilityType,Facility Type
Infrastructure,FC_PoliceStations,FAC_NAME,String,100,,Facility Name
Infrastructure,FC_PoliceStations,EXPOSED_100YR,String,20,ExposureStatus,Exposed 100-Year Flood
Infrastructure,FC_PoliceStations,DEPTH_100YR,Double,8,,Flood Depth 100-Year (ft)
Infrastructure,FC_PoliceStations,HAZARD_CLASS,String,20,FloodHazardClass,Hazard Classification
Infrastructure,FC_PoliceStations,PRIORITY,String,20,MitigationPriority,Mitigation Priority
Infrastructure,FC_Schools,OBJECTID,OID,4,,OBJECTID
Infrastructure,FC_Schools,Shape,Geometry,0,,Shape
Infrastructure,FC_Schools,NCESSCH,String,12,,NCESSCH
Infrastructure,FC_Schools,LEAID,String,7,,LEAID
Infrastructure,FC_Schools,NAME,String,60,,NAME
Infrastructure,FC_Schools,OPSTFIPS,String,2,,OPSTFIPS
Infrastructure,FC_Schools,STREET,String,60,,STREET
Infrastructure,FC_Schools,CITY,String,30,,CITY
Infrastructure,FC_Schools,STATE,String,2,,STATE
Infrastructure,FC_Schools,ZIP,String,5,,ZIP
Infrastructure,FC_Schools,STFIP,String,2,,STFIP
Infrastructure,FC_Schools,CNTY,String,5,,CNTY
Infrastructure,FC_Schools,NMCNTY,String,100,,NMCNTY
Infrastructure,FC_Schools,LOCALE,String,2,,LOCALE
Infrastructure,FC_Schools,LAT,Double,8,,LAT
Infrastructure,FC_Schools,LON,Double,8,,LON
Infrastructure,FC_Schools,CBSA,String,5,,CBSA
Infrastructure,FC_Schools,NMCBSA,String,100,,NMCBSA
Infrastructure,FC_Schools,CBSATYPE,String,1,,CBSATYPE
Infrastructure,FC_Schools,CSA,String,3,,CSA
Infrastructure,FC_Schools,NMCSA,String,100,,NMCSA
Infrastructure,FC_Schools,CD,String,4,,CD
Infrastructure,FC_Schools,SLDL,String,5,,SLDL
Infrastructure,FC_Schools,SLDU,String,5,,SLDU
Infrastructure,FC_Schools,SCHOOLYEAR,String,9,,SCHOOLYEAR
Infrastructure,FC_Schools,FAC_TYPE,String,20,FacilityType,Facility Type
Infrastructure,FC_Schools,FAC_NAME,String,100,,Facility Name
Infrastructure,FC_Schools,EXPOSED_100YR,String,20,ExposureStatus,Exposed 100-Year Flood
Infrastructure,FC_Schools,DEPTH_100YR,Double,8,,Flood Depth 100-Year (ft)
Infrastructure,FC_Schools,HAZARD_CLASS,String,20,FloodHazardClass,Hazard Classification
Infrastructure,FC_Schools,PRIORITY,String,20,MitigationPriority,Mitigation Priority
Demographics,FC_BlockGroups,OBJECTID,OID,4,,OBJECTID
Demographics,FC_BlockGroups,Shape,Geometry,0,,Shape
Demographics,FC_BlockGroups,STATE_ABBR,String,2,,STATE_ABBR
Demographics,FC_BlockGroups,STATE_FIPS,String,2,,STATE_FIPS
Demographics,FC_BlockGroups,COUNTY_FIP,String,3,,COUNTY_FIP
Demographics,FC_BlockGroups,STCOFIPS,String,5,,STCOFIPS
Demographics,FC_BlockGroups,TRACT_FIPS,String,6,,TRACT_FIPS
Demographics,FC_BlockGroups,BLOCKGROUP,String,1,,BLOCKGROUP
Demographics,FC_BlockGroups,FIPS,String,12,,FIPS
Demographics,FC_BlockGroups,POPULATION,Integer,4,,POPULATION
Demographics,FC_BlockGroups,POP_SQMI,Double,8,,POP_SQMI
Demographics,FC_BlockGroups,SQMI,Double,8,,SQMI
Demographics,FC_BlockGroups,POPULATI_1,Integer,4,,POPULATI_1
Demographics,FC_BlockGroups,POP20_SQMI,Double,8,,POP20_SQMI
Demographics,FC_BlockGroups,Shape__Are,Double,8,,Shape__Are
Demographics,FC_BlockGroups,Shape__Len,Double,8,,Shape__Len
Demographics,FC_BlockGroups,Shape_Length,Double,8,,Shape_Length
Demographics,FC_BlockGroups,Shape_Area,Double,8,,Shape_Area
Demographics,FC_BlockGroups,GEOID,String,20,,Census GEOID
Demographics,FC_BlockGroups,TRACT_GEOID,String,11,,Parent Tract GEOID
Demographics,FC_BlockGroups,POP_TOTAL,Integer,4,,Total Population
Demographics,FC_BlockGroups,HU_TOTAL,Integer,4,,Total Housing Units
Demographics,FC_BlockGroups,PCT_POVERTY,Double,8,,Percent Below Poverty
Demographics,FC_BlockGroups,MED_INC,Double,8,,Median Household Income
Demographics,FC_BlockGroups,PCT_NO_VEH,Double,8,,Percent No Vehicle
Demographics,FC_BlockGroups,PCT_65PLUS,Double,8,,Percent Age 65+
Demographics,FC_BlockGroups,SVI_SCORE,Double,8,,Social Vulnerability Index
Demographics,FC_BlockGroups,SVI_CLASS,String,20,FloodHazardClass,SVI Classification
Demographics,FC_BlockGroups,POP_EXPOSED,Double,8,,Estimated Population Exposed
Demographics,FC_BlockGroups,HU_EXPOSED,Double,8,,Estimated Housing Units Exposed
Demographics,FC_BlockGroups,FLOOD_AREA_PCT,Double,8,,Percent Area Flooded
Demographics,FC_BlockGroups,TOTAL_AREA,Double,8,,Total Block Group Area (sq ft)
Demographics,FC_BlockGroups,GEOID_1,BigInteger,8,,GEOID
Demographics,FC_BlockGroups,NAME,String,8000,,NAME
Demographics,FC_BlockGroups,B01001_001E,Integer,4,,B01001_001E
Demographics,FC_BlockGroups,B01001_001M,Integer,4,,B01001_001M
Demographics,FC_BlockGroups,B01001_002E,Integer,4,,B01001_002E
Demographics,FC_BlockGroups,B01001_002M,Integer,4,,B01001_002M
Demographics,FC_BlockGroups,B01001_003E,Integer,4,,B01001_003E
Demographics,FC_BlockGroups,B01001_003M,Integer,4,,B01001_003M
Demographics,FC_BlockGroups,B01001_004E,Integer,4,,B01001_004E
Demographics,FC_BlockGroups,B01001_004M,Integer,4,,B01001_004M
Demographics,FC_BlockGroups,B01001_005E,Integer,4,,B01001_005E
Demographics,FC_BlockGroups,B01001_005M,Integer,4,,B01001_005M
Demographics,FC_BlockGroups,B01001_006E,Integer,4,,B01001_006E
Demographics,FC_BlockGroups,B01001_006M,Integer,4,,B01001_006M
Demographics,FC_BlockGroups,B01001_007E,Integer,4,,B01001_007E
Demographics,FC_BlockGroups,B01001_007M,Integer,4,,B01001_007M
Demographics,FC_BlockGroups,B01001_008E,Integer,4,,B01001_008E
Demographics,FC_BlockGroups,B01001_008M,Integer,4,,B01001_008M
Demographics,FC_BlockGroups,B01001_009E,Integer,4,,B01001_009E
Demographics,FC_BlockGroups,B01001_009M,Integer,4,,B01001_009M
Demographics,FC_BlockGroups,B01001_010E,Integer,4,,B01001_010E
Demographics,FC_BlockGroups,B01001_010M,Integer,4,,B01001_010M
Demographics,FC_BlockGroups,B01001_011E,Integer,4,,B01001_011E
Demographics,FC_BlockGroups,B01001_011M,Integer,4,,B01001_011M
Demographics,FC_BlockGroups,B01001_012E,Integer,4,,B01001_012E
Demographics,FC_BlockGroups,B01001_012M,Integer,4,,B01001_012M
Demographics,FC_BlockGroups,B01001_013E,Integer,4,,B01001_013E
Demographics,FC_BlockGroups,B01001_013M,Integer,4,,B01001_013M
Demographics,FC_BlockGroups,B01001_014E,Integer,4,,B01001_014E
Demographics,FC_BlockGroups,B01001_014M,Integer,4,,B01001_014M
Demographics,FC_BlockGroups,B01001_015E,Integer,4,,B01001_015E
Demographics,FC_BlockGroups,B01001_015M,Integer,4,,B01001_015M
Demographics,FC_BlockGroups,B01001_016E,Integer,4,,B01001_016E
Demographics,FC_BlockGroups,B01001_016M,Integer,4,,B01001_016M
Demographics,FC_BlockGroups,B01001_017E,Integer,4,,B01001_017E
Demographics,FC_BlockGroups,B01001_017M,Integer,4,,B01001_017M
Demographics,FC_BlockGroups,B01001_018E,Integer,4,,B01001_018E
Demographics,FC_BlockGroups,B01001_018M,Integer,4,,B01001_018M
Demographics,FC_BlockGroups,B01001_019E,Integer,4,,B01001_019E
Demographics,FC_BlockGroups,B01001_019M,Integer,4,,B01001_019M
Demographics,FC_BlockGroups,B01001_020E,Integer,4,,B01001_020E
Demographics,FC_BlockGroups,B01001_020M,Integer,4,,B01001_020M
Demographics,FC_BlockGroups,B01001_021E,Integer,4,,B01001_021E
Demographics,FC_BlockGroups,B01001_021M,Integer,4,,B01001_021M
Demographics,FC_BlockGroups,B01001_022E,Integer,4,,B01001_022E
Demographics,FC_BlockGroups,B01001_022M,Integer,4,,B01001_022M
Demographics,FC_BlockGroups,B01001_023E,Integer,4,,B01001_023E
Demographics,FC_BlockGroups,B01001_023M,Integer,4,,B01001_023M
Demographics,FC_BlockGroups,B01001_024E,Integer,4,,B01001_024E
Demographics,FC_BlockGroups,B01001_024M,Integer,4,,B01001_024M
Demographics,FC_BlockGroups,B01001_025E,Integer,4,,B01001_025E
Demographics,FC_BlockGroups,B01001_025M,Integer,4,,B01001_025M
Demographics,FC_BlockGroups,B01001_026E,Integer,4,,B01001_026E
Demographics,FC_BlockGroups,B01001_026M,Integer,4,,B01001_026M
Demographics,FC_BlockGroups,B01001_027E,Integer,4,,B01001_027E
Demographics,FC_BlockGroups,B01001_027M,Integer,4,,B01001_027M
Demographics,FC_BlockGroups,B01001_028E,Integer,4,,B01001_028E
Demographics,FC_BlockGroups,B01001_028M,Integer,4,,B01001_028M
Demographics,FC_BlockGroups,B01001_029E,Integer,4,,B01001_029E
Demographics,FC_BlockGroups,B01001_029M,Integer,4,,B01001_029M
Demographics,FC_BlockGroups,B01001_030E,Integer,4,,B01001_030E
Demographics,FC_BlockGroups,B01001_030M,Integer,4,,B01001_030M
Demographics,FC_BlockGroups,B01001_031E,Integer,4,,B01001_031E
Demographics,FC_BlockGroups,B01001_031M,Integer,4,,B01001_031M
Demographics,FC_BlockGroups,B01001_032E,Integer,4,,B01001_032E
Demographics,FC_BlockGroups,B01001_032M,Integer,4,,B01001_032M
Demographics,FC_BlockGroups,B01001_033E,Integer,4,,B01001_033E
Demographics,FC_BlockGroups,B01001_033M,Integer,4,,B01001_033M
Demographics,FC_BlockGroups,B01001_034E,Integer,4,,B01001_034E
Demographics,FC_BlockGroups,B01001_034M,Integer,4,,B01001_034M
Demographics,FC_BlockGroups,B01001_035E,Integer,4,,B01001_035E
Demographics,FC_BlockGroups,B01001_035M,Integer,4,,B01001_035M
Demographics,FC_BlockGroups,B01001_036E,Integer,4,,B01001_036E
Demographics,FC_BlockGroups,B01001_036M,Integer,4,,B01001_036M
Demographics,FC_BlockGroups,B01001_037E,Integer,4,,B01001_037E
Demographics,FC_BlockGroups,B01001_037M,Integer,4,,B01001_037M
Demographics,FC_BlockGroups,B01001_038E,Integer,4,,B01001_038E
Demographics,FC_BlockGroups,B01001_038M,Integer,4,,B01001_038M
Demographics,FC_BlockGroups,B01001_039E,Integer,4,,B01001_039E
Demographics,FC_BlockGroups,B01001_039M,Integer,4,,B01001_039M
Demographics,FC_BlockGroups,B01001_040E,Integer,4,,B01001_040E
Demographics,FC_BlockGroups,B01001_040M,Integer,4,,B01001_040M
Demographics,FC_BlockGroups,B01001_041E,Integer,4,,B01001_041E
Demographics,FC_BlockGroups,B01001_041M,Integer,4,,B01001_041M
Demographics,FC_BlockGroups,B01001_042E,Integer,4,,B01001_042E
Demographics,FC_BlockGroups,B01001_042M,Integer,4,,B01001_042M
Demographics,FC_BlockGroups,B01001_043E,Integer,4,,B01001_043E
Demographics,FC_BlockGroups,B01001_043M,Integer,4,,B01001_043M
Demographics,FC_BlockGroups,B01001_044E,Integer,4,,B01001_044E
Demographics,FC_BlockGroups,B01001_044M,Integer,4,,B01001_044M
Demographics,FC_BlockGroups,B01001_045E,Integer,4,,B01001_045E
Demographics,FC_BlockGroups,B01001_045M,Integer,4,,B01001_045M
Demographics,FC_BlockGroups,B01001_046E,Integer,4,,B01001_046E
Demographics,FC_BlockGroups,B01001_046M,Integer,4,,B01001_046M
Demographics,FC_BlockGroups,B01001_047E,Integer,4,,B01001_047E
Demographics,FC_BlockGroups,B01001_047M,Integer,4,,B01001_047M
Demographics,FC_BlockGroups,B01001_048E,Integer,4,,B01001_048E
Demographics,FC_BlockGroups,B01001_048M,Integer,4,,B01001_048M
Demographics,FC_BlockGroups,B01001_049E,Integer,4,,B01001_049E
Demographics,FC_BlockGroups,B01001_049M,Integer,4,,B01001_049M
Demographics,FC_BlockGroups,Field101,String,8000,,Field101
Demographics,FC_BlockGroups,GEOID_12,BigInteger,8,,GEOID
Demographics,FC_BlockGroups,NAME_1,String,8000,,NAME
Demographics,FC_BlockGroups,B01003_001E,Integer,4,,B01003_001E
Demographics,FC_BlockGroups,B01003_001M,Integer,4,,B01003_001M
Demographics,FC_BlockGroups,Field5,String,8000,,Field5
Demographics,FC_BlockGroups,GEOID_12_13,BigInteger,8,,GEOID
Demographics,FC_BlockGroups,NAME_12,String,8000,,NAME
Demographics,FC_BlockGroups,B19013_001E,String,8000,,B19013_001E
Demographics,FC_BlockGroups,B19013_001M,String,8000,,B19013_001M
Demographics,FC_BlockGroups,Field5_1,String,8000,,Field5
Demographics,FC_BlockGroups,GEOID_12_13_14,BigInteger,8,,GEOID
Demographics,FC_BlockGroups,NAME_12_13,String,8000,,NAME
Demographics,FC_BlockGroups,B25001_001E,Integer,4,,B25001_001E
Demographics,FC_BlockGroups,B25001_001M,Integer,4,,B25001_001M
Demographics,FC_BlockGroups,Field5_12,String,8000,,Field5
Demographics,FC_BlockGroups,GEOID_12_13_14_15,BigInteger,8,,GEOID
Demographics,FC_BlockGroups,NAME_12_13_14,String,8000,,NAME
Demographics,FC_BlockGroups,B08201_001E,Integer,4,,B08201_001E
Demographics,FC_BlockGroups,B08201_001M,Integer,4,,B08201_001M
Demographics,FC_BlockGroups,B08201_002E,Integer,4,,B08201_002E
Demographics,FC_BlockGroups,B08201_002M,Integer,4,,B08201_002M
Demographics,FC_BlockGroups,B08201_003E,Integer,4,,B08201_003E
Demographics,FC_BlockGroups,B08201_003M,Integer,4,,B08201_003M
Demographics,FC_BlockGroups,B08201_004E,Integer,4,,B08201_004E
Demographics,FC_BlockGroups,B08201_004M,Integer,4,,B08201_004M
Demographics,FC_BlockGroups,B08201_005E,Integer,4,,B08201_005E
Demographics,FC_BlockGroups,B08201_005M,Integer,4,,B08201_005M
Demographics,FC_BlockGroups,B08201_006E,Integer,4,,B08201_006E
Demographics,FC_BlockGroups,B08201_006M,Integer,4,,B08201_006M
Demographics,FC_BlockGroups,B08201_007E,Integer,4,,B08201_007E
Demographics,FC_BlockGroups,B08201_007M,Integer,4,,B08201_007M
Demographics,FC_BlockGroups,B08201_008E,Integer,4,,B08201_008E
Demographics,FC_BlockGroups,B08201_008M,Integer,4,,B08201_008M
Demographics,FC_BlockGroups,B08201_009E,Integer,4,,B08201_009E
Demographics,FC_BlockGroups,B08201_009M,Integer,4,,B08201_009M
Demographics,FC_BlockGroups,B08201_010E,Integer,4,,B08201_010E
Demographics,FC_BlockGroups,B08201_010M,Integer,4,,B08201_010M
Demographics,FC_BlockGroups,B08201_011E,Integer,4,,B08201_011E
Demographics,FC_BlockGroups,B08201_011M,Integer,4,,B08201_011M
Demographics,FC_BlockGroups,B08201_012E,Integer,4,,B08201_012E
Demographics,FC_BlockGroups,B08201_012M,Integer,4,,B08201_012M
Demographics,FC_BlockGroups,B08201_013E,Integer,4,,B08201_013E
Demographics,FC_BlockGroups,B08201_013M,Integer,4,,B08201_013M
Demographics,FC_BlockGroups,B08201_014E,Integer,4,,B08201_014E
Demographics,FC_BlockGroups,B08201_014M,Integer,4,,B08201_014M
Demographics,FC_BlockGroups,B08201_015E,Integer,4,,B08201_015E
Demographics,FC_BlockGroups,B08201_015M,Integer,4,,B08201_015M
Demographics,FC_BlockGroups,B08201_016E,Integer,4,,B08201_016E
Demographics,FC_BlockGroups,B08201_016M,Integer,4,,B08201_016M
Demographics,FC_BlockGroups,B08201_017E,Integer,4,,B08201_017E
Demographics,FC_BlockGroups,B08201_017M,Integer,4,,B08201_017M
Demographics,FC_BlockGroups,B08201_018E,Integer,4,,B08201_018E
Demographics,FC_BlockGroups,B08201_018M,Integer,4,,B08201_018M
Demographics,FC_BlockGroups,B08201_019E,Integer,4,,B08201_019E
Demographics,FC_BlockGroups,B08201_019M,Integer,4,,B08201_019M
Demographics,FC_BlockGroups,B08201_020E,Integer,4,,B08201_020E
Demographics,FC_BlockGroups,B08201_020M,Integer,4,,B08201_020M
Demographics,FC_BlockGroups,B08201_021E,Integer,4,,B08201_021E
Demographics,FC_BlockGroups,B08201_021M,Integer,4,,B08201_021M
Demographics,FC_BlockGroups,B08201_022E,Integer,4,,B08201_022E
Demographics,FC_BlockGroups,B08201_022M,Integer,4,,B08201_022M
Demographics,FC_BlockGroups,B08201_023E,Integer,4,,B08201_023E
Demographics,FC_BlockGroups,B08201_023M,Integer,4,,B08201_023M
Demographics,FC_BlockGroups,B08201_024E,Integer,4,,B08201_024E
Demographics,FC_BlockGroups,B08201_024M,Integer,4,,B08201_024M
Demographics,FC_BlockGroups,B08201_025E,Integer,4,,B08201_025E
Demographics,FC_BlockGroups,B08201_025M,Integer,4,,B08201_025M
Demographics,FC_BlockGroups,B08201_026E,Integer,4,,B08201_026E
Demographics,FC_BlockGroups,B08201_026M,Integer,4,,B08201_026M
Demographics,FC_BlockGroups,B08201_027E,Integer,4,,B08201_027E
Demographics,FC_BlockGroups,B08201_027M,Integer,4,,B08201_027M
Demographics,FC_BlockGroups,B08201_028E,Integer,4,,B08201_028E
Demographics,FC_BlockGroups,B08201_028M,Integer,4,,B08201_028M
Demographics,FC_BlockGroups,B08201_029E,Integer,4,,B08201_029E
Demographics,FC_BlockGroups,B08201_029M,Integer,4,,B08201_029M
Demographics,FC_BlockGroups,B08201_030E,Integer,4,,B08201_030E
Demographics,FC_BlockGroups,B08201_030M,Integer,4,,B08201_030M
Demographics,FC_BlockGroups,Field63,String,8000,,Field63
Demographics,FC_BlockGroups,GEOID_12_13_14_15_16,BigInteger,8,,GEOID
Demographics,FC_BlockGroups,NAME_12_13_14_15,String,8000,,NAME
Demographics,FC_BlockGroups,B17001_001E,Integer,4,,B17001_001E
Demographics,FC_BlockGroups,B17001_001M,Integer,4,,B17001_001M
Demographics,FC_BlockGroups,B17001_002E,Integer,4,,B17001_002E
Demographics,FC_BlockGroups,B17001_002M,Integer,4,,B17001_002M
Demographics,FC_BlockGroups,B17001_003E,Integer,4,,B17001_003E
Demographics,FC_BlockGroups,B17001_003M,Integer,4,,B17001_003M
Demographics,FC_BlockGroups,B17001_004E,Integer,4,,B17001_004E
Demographics,FC_BlockGroups,B17001_004M,Integer,4,,B17001_004M
Demographics,FC_BlockGroups,B17001_005E,Integer,4,,B17001_005E
Demographics,FC_BlockGroups,B17001_005M,Integer,4,,B17001_005M
Demographics,FC_BlockGroups,B17001_006E,Integer,4,,B17001_006E
Demographics,FC_BlockGroups,B17001_006M,Integer,4,,B17001_006M
Demographics,FC_BlockGroups,B17001_007E,Integer,4,,B17001_007E
Demographics,FC_BlockGroups,B17001_007M,Integer,4,,B17001_007M
Demographics,FC_BlockGroups,B17001_008E,Integer,4,,B17001_008E
Demographics,FC_BlockGroups,B17001_008M,Integer,4,,B17001_008M
Demographics,FC_BlockGroups,B17001_009E,Integer,4,,B17001_009E
Demographics,FC_BlockGroups,B17001_009M,Integer,4,,B17001_009M
Demographics,FC_BlockGroups,B17001_010E,Integer,4,,B17001_010E
Demographics,FC_BlockGroups,B17001_010M,Integer,4,,B17001_010M
Demographics,FC_BlockGroups,B17001_011E,Integer,4,,B17001_011E
Demographics,FC_BlockGroups,B17001_011M,Integer,4,,B17001_011M
Demographics,FC_BlockGroups,B17001_012E,Integer,4,,B17001_012E
Demographics,FC_BlockGroups,B17001_012M,Integer,4,,B17001_012M
Demographics,FC_BlockGroups,B17001_013E,Integer,4,,B17001_013E
Demographics,FC_BlockGroups,B17001_013M,Integer,4,,B17001_013M
Demographics,FC_BlockGroups,B17001_014E,Integer,4,,B17001_014E
Demographics,FC_BlockGroups,B17001_014M,Integer,4,,B17001_014M
Demographics,FC_BlockGroups,B17001_015E,Integer,4,,B17001_015E
Demographics,FC_BlockGroups,B17001_015M,Integer,4,,B17001_015M
Demographics,FC_BlockGroups,B17001_016E,Integer,4,,B17001_016E
Demographics,FC_BlockGroups,B17001_016M,Integer,4,,B17001_016M
Demographics,FC_BlockGroups,B17001_017E,Integer,4,,B17001_017E
Demographics,FC_BlockGroups,B17001_017M,Integer,4,,B17001_017M
Demographics,FC_BlockGroups,B17001_018E,Integer,4,,B17001_018E
Demographics,FC_BlockGroups,B17001_018M,Integer,4,,B17001_018M
Demographics,FC_BlockGroups,B17001_019E,Integer,4,,B17001_019E
Demographics,FC_BlockGroups,B17001_019M,Integer,4,,B17001_019M
Demographics,FC_BlockGroups,B17001_020E,Integer,4,,B17001_020E
Demographics,FC_BlockGroups,B17001_020M,Integer,4,,B17001_020M
Demographics,FC_BlockGroups,B17001_021E,Integer,4,,B17001_021E
Demographics,FC_BlockGroups,B17001_021M,Integer,4,,B17001_021M
Demographics,FC_BlockGroups,B17001_022E,Integer,4,,B17001_022E
Demographics,FC_BlockGroups,B17001_022M,Integer,4,,B17001_022M
Demographics,FC_BlockGroups,B17001_023E,Integer,4,,B17001_023E
Demographics,FC_BlockGroups,B17001_023M,Integer,4,,B17001_023M
Demographics,FC_BlockGroups,B17001_024E,Integer,4,,B17001_024E
Demographics,FC_BlockGroups,B17001_024M,Integer,4,,B17001_024M
Demographics,FC_BlockGroups,B17001_025E,Integer,4,,B17001_025E
Demographics,FC_BlockGroups,B17001_025M,Integer,4,,B17001_025M
Demographics,FC_BlockGroups,B17001_026E,Integer,4,,B17001_026E
Demographics,FC_BlockGroups,B17001_026M,Integer,4,,B17001_026M
Demographics,FC_BlockGroups,B17001_027E,Integer,4,,B17001_027E
Demographics,FC_BlockGroups,B17001_027M,Integer,4,,B17001_027M
Demographics,FC_BlockGroups,B17001_028E,Integer,4,,B17001_028E
Demographics,FC_BlockGroups,B17001_028M,Integer,4,,B17001_028M
Demographics,FC_BlockGroups,B17001_029E,Integer,4,,B17001_029E
Demographics,FC_BlockGroups,B17001_029M,Integer,4,,B17001_029M
Demographics,FC_BlockGroups,B17001_030E,Integer,4,,B17001_030E
Demographics,FC_BlockGroups,B17001_030M,Integer,4,,B17001_030M
Demographics,FC_BlockGroups,B17001_031E,Integer,4,,B17001_031E
Demographics,FC_BlockGroups,B17001_031M,Integer,4,,B17001_031M
Demographics,FC_BlockGroups,B17001_032E,Integer,4,,B17001_032E
Demographics,FC_BlockGroups,B17001_032M,Integer,4,,B17001_032M
Demographics,FC_BlockGroups,B17001_033E,Integer,4,,B17001_033E
Demographics,FC_BlockGroups,B17001_033M,Integer,4,,B17001_033M
Demographics,FC_BlockGroups,B17001_034E,Integer,4,,B17001_034E
Demographics,FC_BlockGroups,B17001_034M,Integer,4,,B17001_034M
Demographics,FC_BlockGroups,B17001_035E,Integer,4,,B17001_035E
Demographics,FC_BlockGroups,B17001_035M,Integer,4,,B17001_035M
Demographics,FC_BlockGroups,B17001_036E,Integer,4,,B17001_036E
Demographics,FC_BlockGroups,B17001_036M,Integer,4,,B17001_036M
Demographics,FC_BlockGroups,B17001_037E,Integer,4,,B17001_037E
Demographics,FC_BlockGroups,B17001_037M,Integer,4,,B17001_037M
Demographics,FC_BlockGroups,B17001_038E,Integer,4,,B17001_038E
Demographics,FC_BlockGroups,B17001_038M,Integer,4,,B17001_038M
Demographics,FC_BlockGroups,B17001_039E,Integer,4,,B17001_039E
Demographics,FC_BlockGroups,B17001_039M,Integer,4,,B17001_039M
Demographics,FC_BlockGroups,B17001_040E,Integer,4,,B17001_040E
Demographics,FC_BlockGroups,B17001_040M,Integer,4,,B17001_040M
Demographics,FC_BlockGroups,B17001_041E,Integer,4,,B17001_041E
Demographics,FC_BlockGroups,B17001_041M,Integer,4,,B17001_041M
Demographics,FC_BlockGroups,B17001_042E,Integer,4,,B17001_042E
Demographics,FC_BlockGroups,B17001_042M,Integer,4,,B17001_042M
Demographics,FC_BlockGroups,B17001_043E,Integer,4,,B17001_043E
Demographics,FC_BlockGroups,B17001_043M,Integer,4,,B17001_043M
Demographics,FC_BlockGroups,B17001_044E,Integer,4,,B17001_044E
Demographics,FC_BlockGroups,B17001_044M,Integer,4,,B17001_044M
Demographics,FC_BlockGroups,B17001_045E,Integer,4,,B17001_045E
Demographics,FC_BlockGroups,B17001_045M,Integer,4,,B17001_045M
Demographics,FC_BlockGroups,B17001_046E,Integer,4,,B17001_046E
Demographics,FC_BlockGroups,B17001_046M,Integer,4,,B17001_046M
Demographics,FC_BlockGroups,B17001_047E,Integer,4,,B17001_047E
Demographics,FC_BlockGroups,B17001_047M,Integer,4,,B17001_047M
Demographics,FC_BlockGroups,B17001_048E,Integer,4,,B17001_048E
Demographics,FC_BlockGroups,B17001_048M,Integer,4,,B17001_048M
Demographics,FC_BlockGroups,B17001_049E,Integer,4,,B17001_049E
Demographics,FC_BlockGroups,B17001_049M,Integer,4,,B17001_049M
Demographics,FC_BlockGroups,B17001_050E,Integer,4,,B17001_050E
Demographics,FC_BlockGroups,B17001_050M,Integer,4,,B17001_050M
Demographics,FC_BlockGroups,B17001_051E,Integer,4,,B17001_051E
Demographics,FC_BlockGroups,B17001_051M,Integer,4,,B17001_051M
Demographics,FC_BlockGroups,B17001_052E,Integer,4,,B17001_052E
Demographics,FC_BlockGroups,B17001_052M,Integer,4,,B17001_052M
Demographics,FC_BlockGroups,B17001_053E,Integer,4,,B17001_053E
Demographics,FC_BlockGroups,B17001_053M,Integer,4,,B17001_053M
Demographics,FC_BlockGroups,B17001_054E,Integer,4,,B17001_054E
Demographics,FC_BlockGroups,B17001_054M,Integer,4,,B17001_054M
Demographics,FC_BlockGroups,B17001_055E,Integer,4,,B17001_055E
Demographics,FC_BlockGroups,B17001_055M,Integer,4,,B17001_055M
Demographics,FC_BlockGroups,B17001_056E,Integer,4,,B17001_056E
Demographics,FC_BlockGroups,B17001_056M,Integer,4,,B17001_056M
Demographics,FC_BlockGroups,B17001_057E,Integer,4,,B17001_057E
Demographics,FC_BlockGroups,B17001_057M,Integer,4,,B17001_057M
Demographics,FC_BlockGroups,B17001_058E,Integer,4,,B17001_058E
Demographics,FC_BlockGroups,B17001_058M,Integer,4,,B17001_058M
Demographics,FC_BlockGroups,B17001_059E,Integer,4,,B17001_059E
Demographics,FC_BlockGroups,B17001_059M,Integer,4,,B17001_059M
Demographics,FC_BlockGroups,Field121,String,8000,,Field121
FloodHazards,FC_FEMA_FloodZones,OBJECTID,OID,4,,OBJECTID
FloodHazards,FC_FEMA_FloodZones,Shape,Geometry,0,,Shape
FloodHazards,FC_FEMA_FloodZones,DFIRM_ID,String,6,,DFIRM_ID
FloodHazards,FC_FEMA_FloodZones,VERSION_ID,String,11,,VERSION_ID
FloodHazards,FC_FEMA_FloodZones,FLD_AR_ID,String,32,,FLD_AR_ID
FloodHazards,FC_FEMA_FloodZones,STUDY_TYP,String,38,,STUDY_TYP
FloodHazards,FC_FEMA_FloodZones,FLD_ZONE,String,17,,FLD_ZONE
FloodHazards,FC_FEMA_FloodZones,ZONE_SUBTY,String,76,,ZONE_SUBTY
FloodHazards,FC_FEMA_FloodZones,SFHA_TF,String,1,,SFHA_TF
FloodHazards,FC_FEMA_FloodZones,STATIC_BFE,Double,8,,STATIC_BFE
FloodHazards,FC_FEMA_FloodZones,V_DATUM,String,17,,V_DATUM
FloodHazards,FC_FEMA_FloodZones,DEPTH,Double,8,,DEPTH
FloodHazards,FC_FEMA_FloodZones,LEN_UNIT,String,16,,LEN_UNIT
FloodHazards,FC_FEMA_FloodZones,VELOCITY,Double,8,,VELOCITY
FloodHazards,FC_FEMA_FloodZones,VEL_UNIT,String,20,,VEL_UNIT
FloodHazards,FC_FEMA_FloodZones,AR_REVERT,String,17,,AR_REVERT
FloodHazards,FC_FEMA_FloodZones,AR_SUBTRV,String,57,,AR_SUBTRV
FloodHazards,FC_FEMA_FloodZones,BFE_REVERT,Double,8,,BFE_REVERT
FloodHazards,FC_FEMA_FloodZones,DEP_REVERT,Double,8,,DEP_REVERT
FloodHazards,FC_FEMA_FloodZones,DUAL_ZONE,String,1,,DUAL_ZONE
FloodHazards,FC_FEMA_FloodZones,SOURCE_CIT,String,21,,SOURCE_CIT
FloodHazards,FC_FEMA_FloodZones,GFID,String,36,,GFID
FloodHazards,FC_FEMA_FloodZones,SHAPE_Leng,Double,8,,SHAPE_Leng
FloodHazards,FC_FEMA_FloodZones,Shape_Length,Double,8,,Shape_Length
FloodHazards,FC_FEMA_FloodZones,Shape_Area,Double,8,,Shape_Area
